	Unnamed: 0	vuln_id	cwe	CVSS	project	repo	fix_sha	parent_sha	commits
0	393.0	WS-2017-0234	CWE-79	6.5	DataTables	DataTables/DataTables	['6f67df2d21f9858ec40a6e9565c3a653cdb691a6']	['369214c77767269642c6585b893d6944d42bb172']	1
1	408.0	WS-2017-0201	CWE-79	6.5	DOMPurify	cure53/DOMPurify	['16e431f9749c7bc8c4e9ed438df1098d57b3aa2f']	['9691bd321fbfc11734de25aa857a0957edf2d7d3']	1
2	479.0	WS-2017-0128	CWE-79	7.1	react	facebook/react	['940f56dd579d7f51d6f9f215891ec9a0912f1a84']	['a05691f0ad9d20fc9ffb1fc04d531e257e37d55b']	1
3	569.0	WS-2017-0142	CWE-79	5.4	vega	vega/vega	['6199417e9a3ca7f21055baa7cdcb93e46b719f47']	['d778748acd9833e77d7b8380d3402d305b16c9e8']	1
4	1221.0	CVE-2015-2745	CWE-79	4.3	gaia	mozilla-b2g/gaia	['0f72a8c31df9f3d8f609a7c58ca91139051d44eb']	['c70bc233c7f497d219ac8518f76e371de6680a9e']	1
5	1344.0	CVE-2015-2678	CWE-79	4.3	GeniXCMS	semplon/GeniXCMS	['698245488343396185b1b49e7482ee5b25541815']	['f33ef36df0521fa713184155ed4ddf666f8045a2']	1
6	1755.0	WS-2017-0148	CWE-79	4.3	rethinkdb	rethinkdb/rethinkdb	['439f0fa2224adc53a094c857f391c618a2526aa7']	['263bc6cb7fbc50cc54fbc409b5685d69b9e170e8']	1
7	1934.0	WS-2017-0118	CWE-79	5.8	angular	angular/angular	['bc0d8c4eea9a34bff5e29dd492dcdd668251be40']	['9b84fcad76a8d792d0f2cbae36c89bafe1080d21']	1
8	1978.0	WS-2017-0175	CWE-79	6.5	NodeBB	NodeBB/NodeBB	['1910fdb977068d3f70f9b138175990bcc7910840']	['cf825d02b79854ddb81bd53074e30521742e80fd']	1
9	2141.0	WS-2017-0117	CWE-79	5.8	angular	angular/angular	['5a674f3bb9d1118d11b333e3b966c01a571c09e6']	['e94b37e20e8e37abce0e7d13265298d86d4081fd']	1
10	3390.0	CVE-2010-2671	CWE-79	4.3	ezpublish-legacy	ezsystems/ezpublish-legacy	['521cef0754fc775373cfbd144700b1cdb42d14a9']	['782588ab8637d079a0782ab8583345417ef669e9']	1
11	5229.0	WS-2017-0200	CWE-79	6.5	DOMPurify	cure53/DOMPurify	['4817f34ac0d413c002adb03d14da169f71057771']	['273d97278821680944c8c10d0972ce6b5afbb525']	1
12	5457.0	WS-2017-0127	CWE-79	6.5	angular-gettext	rubenv/angular-gettext	['a1ef4c26c3cae348c601cbbf2f9f4ac96f397755']	['21eacfdbe495738d9617bac2fd3cfd71d43f173a']	1
13	5546.0	CVE-2013-7343	CWE-79	3.7	flowplayer	flowplayer/flowplayer	['27e8f178276c185cbddb4f14c91d4ce7b3865db1']	['ce6de88757eb0ed16040b5eb9ae602cbfd0c7ee9']	1
14	5691.0	WS-2017-0124	CWE-79	5.3	angular	angular/angular	['ab80cd90661396dbb1c94c5f4dd2d11ee8f6b6af']	['8199f4dbde65b5a0db78fa48327129625363c2a6']	1
15	6319.0	WS-2019-0221	CWE-79	6.5	eco	sstephenson/eco	['e7cc97b51e3b5981d1ec29029410315f44ab8fe7']	['0d60edbf4ee76beaade73368de412b5fee7edba7']	1
16	6768.0	WS-2014-0029	CWE-79	4.7	jstree	vakata/jstree	['94f8f564bd01290d04ac1ec8e2e4b51b14fb15dc']	['5a68714028159c1b119e4c334f2f9de75d07397a']	1
17	6838.0	CVE-2013-7342	CWE-79	3.7	flowplayer	flowplayer/flowplayer	['017f8c2a0865ab31e01d591adc43d34f2dd60e59']	['74c555cdd0493de6f441d16958fe9c0c7b089d69']	1
18	6953.0	CVE-2014-8352	CWE-79	4.3	CookieViz	LaboCNIL/CookieViz	['489b6050f6c53fe7b24c4bed3eeb9c25543960e2']	['4b4c10c3ce0d608f95203ea10c8c2acf582aa9ef']	1
19	7033.0	WS-2016-0063	CWE-79	6.5	ckeditor-dev	ckeditor/ckeditor-dev	['39c08f9fe691a98be61337127dad9e8e8141822f']	['457224e7d96c35d8596c99ba0ac26c67736ac0a7']	1
20	7590.0	WS-2020-0220	CWE-79	6.5	hue	cloudera/hue	['de7e0b6ac754509e7318c400ad0f9378bf3dcd3e']	['c3d0a6fa63bea5770193bc38588654ca13ba62d6']	1
21	7760.0	CVE-2020-26287	CWE-79	8.7	hedgedoc	hedgedoc/hedgedoc	['58276ebbf4504a682454a3686dcaff88bc1069d4']	['b23035c9a864eaa5efaa0423f1bab323ee0f8022']	1
22	7807.0	CVE-2020-15274	CWE-79	5.4	wiki	Requarks/wiki	['a57d9af34c15adbf460dde6553d964efddf433de']	['655159dc62f6d10f7d27330f951740f1511b0b64']	1
23	7960.0	CVE-2020-4052	CWE-79	6.1	wiki	Requarks/wiki	['9e08718ee904046f8b2294ef6ac79e8a75a451e3']	['4ffd1325bd22890378d2e2901c5f4b25003df25d']	1
24	8356.0	CVE-2020-9038	CWE-79	5.4	joplin	laurent22/joplin	['3db47b575b9cb0a765da3d283baa2c065df0d0bc']	['06d807d9ff86527151fd219b98e11b76adfb8068']	1
25	8490.0	CVE-2020-26239	CWE-79	5.4	ScratchAddons	ScratchAddons/ScratchAddons	['b9a52d6532c8514254c7cc1d8e18710dbedc41ff']	['7afa25ee920701fc73a8e167bb752a15adb5d6d2']	1
26	8938.0	CVE-2020-7750	CWE-79	9.6	scratch-svg-renderer	LLK/scratch-svg-renderer	['9ebf57588aa596c4fa3bb64209e10ade395aee90']	['5e415baeda9e94c3747721e2a0860b2234f617f4']	1
27	9064.0	WS-2020-0094	CWE-79	7.4	htmr	pveyes/htmr	['1281beffd5ad73da4d4274f57082c55e8f93b12f']	['a8278084a10e5dd4ad0699a5eec9893a04c38185']	1
28	10964.0	CVE-2021-23342	CWE-79	6.1	docsify	docsifyjs/docsify	['ff2a66f12752471277fe81a64ad6c4b2c08111fe']	['6c13bdb7bdbcc2de4b36906a5e982092e4456d95']	1
29	11258.0	CVE-2020-27832	CWE-79	9.0	quay	quay/quay	['20360745e20b2e184efdd25043cd24a3da5ad0f6']	['6965344ba3a3005039cd26fab58894e7e605c6cc']	1
30	11269.0	CVE-2021-23445	CWE-79	5.8	Dist-DataTables	DataTables/Dist-DataTables	['59a8d3f8a3c1138ab08704e783bc52bfe88d7c9b']	['7e67f10d919bc1206930e697fbae15aea942fb5d']	1
31	11522.0	CVE-2021-43856	CWE-79	5.4	wiki	Requarks/wiki	['79bdd4409316adf649806de3e22352297f85cee0']	['57b56d3a5b9c00358814e76f3ee5b4bb353ad62f']	1
32	11524.0	CVE-2021-23443	CWE-79	6.1	edge	edge-js/edge	['fa2c7fde86327aeae232752e89a6e37e2e469e21']	['8f53d430eebb4a27c607ba7d0b47e9de3aaa4c7f']	1
33	11599.0	CVE-2021-43861	CWE-79	5.4	mermaid	mermaid-js/mermaid	['066b7a0d0bda274d94a2f2d21e4323dab5776d83']	['be46ace02e68eeb5d6b0036f5bb630a818a829ad']	1
34	11636.0	CVE-2021-31712	CWE-79	5.4	react-draft-wysiwyg	jpuri/react-draft-wysiwyg	['d2faeb612b53f10dff048de7dc57e1f4044b5380']	['541a76510e8d2629a8d13474d92edbe5431d6727']	1
35	11979.0	WS-2021-0039	CWE-79	3.9	angular	angular/angular	['97ec6e48493bf9418971436d885470a66e71f045']	['2abdf5c75c10621dfa043afe9fd9de08a8aab807']	1
36	12099.0	CVE-2021-41086	CWE-79	5.4	jsuites	jsuites/jsuites	['d47a6f4e143188dde2742f4cffd313e1068ad3b3', 'fe1d3cc5e339f2f4da8ed1f9f42271fdf9cbd8d2']	['fe1d3cc5e339f2f4da8ed1f9f42271fdf9cbd8d2', '8213c82249aaa0639cd5ff06f616df48efa4378a']	2
37	12279.0	CVE-2021-43855	CWE-79	5.4	wiki	Requarks/wiki	['57b56d3a5b9c00358814e76f3ee5b4bb353ad62f']	['e79e591f9e3268089fbf4029876c6cedb26a2055']	1
38	12501.0	CVE-2019-25015	CWE-79	5.4	luci	openwrt/luci	['bc17ef673f734ea8e7e696ba5735588da9111dcd']	['a32190c0b2ae0587647618cbef69e287b1569c09']	1
39	14350.0	WS-2016-0088	CWE-79	8.8	rendr	rendrjs/rendr	['db392b94128ebf41d86d85b42d99ea053d83dbfd']	['e634b61b602870017aec1312424446e1d7c2a289']	1
40	14589.0	CVE-2012-6550	CWE-79	3.7	ZeroClipboard	jonrohan/ZeroClipboard	['51b67b6d696f62aaf003210c08542588222c4913']	['76e6ce710d5afd8c90d102a5d00bb4fa9281cef9']	1
41	14672.0	WS-2016-0065	CWE-79	6.5	boom	hapijs/boom	['c56a9f859e2c17da7973a7cdaacb92d804cb43b0']	['534862edc089ede63503c7824937280dc789ca49']	1
42	15017.0	WS-2020-0019	CWE-79	7.5	boom	hapijs/boom	['114b345e232715d1a4f9d4fead6758cbd0da3936']	['45659ff58e164a70c1b5b5b6ce39f9b0b9c291d8']	1
43	15343.0	CVE-2013-0237	CWE-79	3.7	plupload	moxiecode/plupload	['2d746ee9083c184f1234d8fed311e89bdd1b39e5']	['a081f64eebee47ca9a87d35448da92006c39f07e']	1
44	15584.0	WS-2017-0146	CWE-79	6.5	select2	select2/select2	['353672832dc8d0e4abed7ec14db6d82c83e17045']	['5f2828098e6e98f33efe6db39555c4708e5a7240']	1
45	15857.0	WS-2017-0226	CWE-79	6.5	riot	riot/riot	['759fc7fac07cc700302ac47c2c9dd80daa55d567']	['5a7b14e0426056da3e9be96cd9c63a1432da4546']	1
46	15859.0	WS-2013-0003	CWE-79	5.3	connect	senchalabs/connect	['277e5aad6a95d00f55571a9a0e11f2fa190d8135']	['7978abc8011df5c3ca602894f6196c4e80005358']	1
47	17597.0	CVE-2012-2094	CWE-79	5.3	horizon	openstack/horizon	['7f8c788aa70db98ac904f37fa4197fcabb802942']	['a58db8503b17ec8efc5e07658a5da0e66e2b0345']	1
48	18111.0	CVE-2012-4394	CWE-79	3.7	core	owncloud/core	['d203fa2c50f4b2791e68e2b8ab9a0f8b94f9c9f8']	['9af74a9c80c074589f2d5efc365b3a9dee3031ed']	1
49	18368.0	WS-2016-7101	CWE-79	5.4	hue	cloudera/hue	['8be462be5f31f2039b4b9deff4864ff1499f0a27']	['cabc9ff38b29cfc0d2f0bff5d1acf8e1b685ebd8']	1
50	18439.0	WS-2017-0145	CWE-79	6.5	Squire	neilj/Squire	['bd4d377cf0c836f81ecf30b76bbdf7fc454bb0be']	['9dcc4fb79f7d4a0051bcc09a50d3a57b240444c9']	1
51	18529.0	WS-2016-7087	CWE-79	6.8	closure-library	google/closure-library	['55b8dcbf17bd95ca5440291e1e11ef6a94f16a36']	['edc12a7cf7b6af7212c1f862bc3b253239faf1e9']	1
52	19013.0	WS-2016-7100	CWE-79	5.4	hue	cloudera/hue	['3b7c18c4898f79277ff5cfbf08d4cf8bf18b60c7']	['7337d8ace09736d95b5e76e0c386af841f7e5b85']	1
53	19169.0	WS-2017-0229	CWE-79	6.5	polyfill-service	financial-times/polyfill-service	['aadd8d08b50f7f9c02b431d06f6ee2158902c53c']	['fad0bcdc0f717ac1aa8ca0ebdf8bbcc6f105d4aa']	1
54	19310.0	WS-2016-0060	CWE-79	5.1	ckeditor-dev	ckeditor/ckeditor-dev	['5b1f7c0da97ebcffff987da3f860dbcee7a24ad9']	['28af397f5f7d08bb4be8e9024e74ab7e7ca784a4']	1
55	19465.0	WS-2016-0045	CWE-79	5.4	jqTree	mbraak/jqTree	['3a19f0c177c7ab9d25fff62d1b28c94f1574c3d0']	['5d6c05dac3ff2cfd5e30c2828a5a737202043904']	1
56	20058.0	WS-2017-0227	CWE-79	6.5	rendr	rendrjs/rendr	['d712bd5c3a5a9f5150153dec8555b06ee30680f7']	['554984e5cc91e56b82fe8ed005fe076ea32d32eb']	1
57	20850.0	WS-2018-0205	CWE-79	6.5	m-server	nunnly/m-server	['b8613fd1f35b2ba1e3b0cbac254c03f7c9f95232']	['e4bf390a3a9180ba2298f3d68bc16d9a69187703']	1
58	21319.0	WS-2019-0170	CWE-79	7.5	serve-handler	zeit/serve-handler	['8af46a8a8e9c7fbd21015901bba1a5567e233ade']	['2b3be81a46e09fc5f8bc2c69a5311d439dac74af']	1
59	21527.0	CVE-2018-1000534	CWE-79	6.1	joplin	laurent22/joplin	['494e235e18659574f836f84fcf9f4d4fcdcfcf89']	['85219a6004239b061ed5b75e97128a2d486b9e05']	1
60	22873.0	WS-2019-0590	CWE-79	4.2	node-red	node-red/node-red	['d49c7a3adb19b6f9a834135741572331702f23a8']	['4fdd09a2621a582ed9d18740cabe2796b6e56da7']	1
61	23448.0	CVE-2019-10260	CWE-79	6.1	cms	totaljs/cms	['8b9d7dada998c08d172481d9f0fc0397c4b3c78d']	['75205f93009db3cf8c0b0f4f1fc8ab82d70da8ad']	1
62	23577.0	CVE-2019-12205	CWE-79	6.1	silverstripe-admin	silverstripe/silverstripe-admin	['6e6fa5c618b9dbf4cc0a56704834bfa1d5b0d18e']	['0742b6c6a1dac640a37cdd26ccf2d8cf7aa27c59']	1
63	23590.0	CVE-2019-14329	CWE-79	6.1	espocrm	espocrm/espocrm	['4ab7d19776011288b875abd3eef1e1f6f75289e2']	['34e33bd13a255a0a69d3c374f989828d691d42b4']	1
64	23610.0	WS-2019-0259	CWE-79	6.1	vant	youzan/vant	['d777b78c7dc2c904f474d057ea88449cfe2ca13a']	['93ef02c4093e062f4053683ca1a3ba70a89fc1c3']	1
65	23708.0	CVE-2018-16205	CWE-79	5.4	growi	weseek/growi	['857a49df13e79984d4b9369d71ea6b2d3013fafa']	['c7a04ee816ea571923265f575ab5da9883f96c86']	1
66	23738.0	CVE-2019-18209	CWE-79	6.1	etherpad-lite	ether/etherpad-lite	['5879037ddca4ab9a4002adf90fc7ce6c9f82f01b']	['c65c5f17aa26c9179ce591f44721861ba6f6bec4']	1
67	23895.0	WS-2019-0208	CWE-79	8.1	bpmn-js-properties-panel	bpmn-io/bpmn-js-properties-panel	['0084d38acd005cfc107a3642c4334a9d1862fb4a']	['5f2e82cfbb43450896165b770e57ea6c8cf129bf']	1
68	23949.0	WS-2019-0206	CWE-79	8.1	dmn-js-properties-panel	bpmn-io/dmn-js-properties-panel	['fa3adc8f226552d6b542b40cc21cea24727f5de3']	['41db6133996ab81de350f67af261fb32fc81aa47']	1
69	24148.0	CVE-2019-15479	CWE-79	6.1	status-board	jameswlane/status-board	['7d9795aecbecae2a100ed78ac09f25535e08d631']	['ac5bdf7ad11128cb38ae480d49b477d014094cee']	1
70	24441.0	CVE-2019-12313	CWE-79	6.1	shave	dollarshaveclub/shave	['da7371b0531ba14eae48ef1bb1456a3de4cfa954']	['1876911e423c00fdda643ef724d956b3d324d5c2']	1
71	24477.0	WS-2019-0249	CWE-79	6.1	closure-library	google/closure-library	['c79ab48e8e962fee57e68739c00e16b9934c0ffa']	['a2daa5ffdac4bc90845aee383901aac1a78c4841']	1
72	24651.0	CVE-2019-14330	CWE-79	6.1	espocrm	espocrm/espocrm	['4ab7d19776011288b875abd3eef1e1f6f75289e2']	['34e33bd13a255a0a69d3c374f989828d691d42b4']	1
73	24720.0	CVE-2019-14331	CWE-79	6.1	espocrm	espocrm/espocrm	['4ab7d19776011288b875abd3eef1e1f6f75289e2']	['34e33bd13a255a0a69d3c374f989828d691d42b4']	1
74	24869.0	CVE-2019-13970	CWE-79	6.1	antSword	AntSwordProject/antSword	['4b932e81447b4b0475f4fce45525547395c249d3']	['e5230965f70908f4864afbcd1bc5765b429456f7']	1
75	24957.0	CVE-2019-15532	CWE-79	6.1	CyberChef	gchq/CyberChef	['01f0625d6a177f9c5df9281f12a27c814c2d8bcf']	['38ff7ec89f595dbe5971c3577fa29a142b4b2416']	1
76	25000.0	WS-2019-0207	CWE-79	8.1	cmmn-js-properties-panel	bpmn-io/cmmn-js-properties-panel	['1e5b1fba74223fb6528f8d2eacdf94ab06123033']	['339a658ae791f3eeede97cf5d9c4a187d36e5ec3']	1
77	25753.0	CVE-2017-11593	CWE-79	6.1	markdown-preview	volca/markdown-preview	['1181f044a5457d5e1ac35804ecd84e05977f1920']	['69b877d73d19b98ac5af27b9b73f9b87388ac948']	1
78	26383.0	CVE-2015-5282	CWE-79	3.7	foreman	theforeman/foreman	['4f3555b217be8723e8045f9816d147b5f684ec57']	['04fa19de12d453e3d30971c3e094ed53e11605f4']	1
79	26534.0	WS-2017-3761	CWE-79	5.4	hue	cloudera/hue	['91a2a7965352c91f02c17c006edb6c432548cbb0']	['a26fbc3a40bb0a4f4ed9e42836ff7a9807e52d01']	1
80	26597.0	CVE-2015-3296	CWE-79	6.1	nodebb-plugin-markdown	julianlam/nodebb-plugin-markdown	['ab7f2684750882f7baefbfa31db8d5aac71e6ec3']	['abbd941ac5af81304d7db5730a81572a3976ed5c']	1
81	27066.0	CVE-2017-1000188	CWE-79	3.7	ejs	mde/ejs	['49264e0037e313a0a3e033450b5c184112516d8f']	['7eaba6ade1b11e0bb275f1eb63ba49071aca24dd']	1
82	27324.0	WS-2017-3762	CWE-79	6.1	hue	cloudera/hue	['bbef487e8a5dcaf8abbca7b555ac70293f361e35']	['fb5c22474aab8313c90ec21638d434598dee89e2']	1
83	29249.0	CVE-2022-25854	CWE-79	6.1	tagify	yairEO/tagify	['198c0451fad188390390395ccfc84ab371def4c7']	['93f729c6d1bf45666a1dc21d5cae3aefe1b18043']	1
84	29504.0	CVE-2022-31094	CWE-79	6.1	ScratchTools	STForScratch/ScratchTools	['a29a0c6105bc14a89d25c806f6a3ad1257bbb683']	['0b2f51b04cebb7971bba4c962105fa04102eda4d']	1
85	29733.0	CVE-2021-44662	CWE-79	6.1	xerteonlinetoolkits	thexerteproject/xerteonlinetoolkits	['694a591b5ab7f634f036afaac10397cf3677a98c']	['113a842eb3add1c66ecc34d2fa6311f090e112c6']	1
86	29822.0	CVE-2022-2217	CWE-79	6.1	parse-url	ionicabizau/parse-url	['21c72ab9412228eea753e2abc48f8962707b1fe3']	['fa488b2f26715995251c30825398e6aa96a0aadf']	1
87	30395.0	CVE-2022-2218	CWE-79	6.1	parse-url	ionicabizau/parse-url	['21c72ab9412228eea753e2abc48f8962707b1fe3']	['fa488b2f26715995251c30825398e6aa96a0aadf']	1
0		CVE-2019-17496	CWE-79	4.3	cms	craftcms/cms	['0ee66d29281af2b6c4f866e1437842c61983a672']	[['476cb4afd8bd87addc650d149ba71af64ddbff2a']]	1
1		CVE-2019-14550	CWE-79	3.5	espocrm	espocrm/espocrm	['ffd3f762ce4a8de3b8962f33513e073c55d943b5']	[['24628a848721e52d0f5452ecd5bd91716064f773']]	1
2		CVE-2019-14549	CWE-79	3.5	espocrm	espocrm/espocrm	['ffd3f762ce4a8de3b8962f33513e073c55d943b5']	[['24628a848721e52d0f5452ecd5bd91716064f773']]	1
3		CVE-2019-14548	CWE-79	3.5	espocrm	espocrm/espocrm	['ffd3f762ce4a8de3b8962f33513e073c55d943b5']	[['24628a848721e52d0f5452ecd5bd91716064f773']]	1
4		CVE-2019-14547	CWE-79	3.5	espocrm	espocrm/espocrm	['ffd3f762ce4a8de3b8962f33513e073c55d943b5']	[['24628a848721e52d0f5452ecd5bd91716064f773']]	1
5		CVE-2019-14546	CWE-79	3.5	espocrm	espocrm/espocrm	['ffd3f762ce4a8de3b8962f33513e073c55d943b5']	[['24628a848721e52d0f5452ecd5bd91716064f773']]	1
6		CVE-2019-14331	CWE-79	4.3	espocrm	espocrm/espocrm	['4ab7d19776011288b875abd3eef1e1f6f75289e2']	[['34e33bd13a255a0a69d3c374f989828d691d42b4']]	1
7		CVE-2019-14330	CWE-79	4.3	espocrm	espocrm/espocrm	['4ab7d19776011288b875abd3eef1e1f6f75289e2']	[['34e33bd13a255a0a69d3c374f989828d691d42b4']]	1
8		CVE-2019-14329	CWE-79	4.3	espocrm	espocrm/espocrm	['4ab7d19776011288b875abd3eef1e1f6f75289e2']	[['34e33bd13a255a0a69d3c374f989828d691d42b4']]	1
9		CVE-2019-14286	CWE-79	4.3	MISP	MISP/MISP	['26bedd8a68c32a2f14460a8eac2a9fb09923392b']	[['c951228ebcf4af50769fd3fca9ded3eaaa6574df']]	1
10		CVE-2019-13970	CWE-79	4.3	antSword	AntSwordProject/antSword	['4b932e81447b4b0475f4fce45525547395c249d3']	[['e5230965f70908f4864afbcd1bc5765b429456f7']]	1
11		CVE-2019-13127	CWE-79	4.3	mxgraph	jgraph/mxgraph	['76e8e2809b622659a9c5ffdc4f19922b7a68cfa3']	[['33911ed7e055c17b74d0367f5f1f6c9ee4b4fd44']]	1
12		CVE-2019-12823	CWE-79	4.3	cms	craftcms/cms	['6432eca59b93bcea2ca2616199e5d419447e613f']	[['4a8b4fa10f4181aa0b4227c49b0e6c9b05a1ca58']]	1
13		CVE-2019-12313	CWE-79	4.3	shave	dollarshaveclub/shave	['da7371b0531ba14eae48ef1bb1456a3de4cfa954#diff-074799b511e4b61923dfd3f2a3bf9b54R67']	[['1876911e423c00fdda643ef724d956b3d324d5c2']]	1
14		CVE-2019-11814	CWE-79	4.3	MISP	MISP/MISP	['62f15433e42fb92e45bd57dd6fc0c0bf53deb6fc']	[['6f6fb678ca07c80cb7d2bdfe5cb0313bb71bd487']]	1
15		CVE-2019-11358	CWE-79	4.3	jquery	jquery/jquery	['753d591aea698e57d6db58c9f722cd0808619b1b']	[['669f720edc4f557dfef986db747c09ebfaa16ef5']]	1
16		CVE-2019-10260	CWE-79	4.3	cms	totaljs/cms	['8b9d7dada998c08d172481d9f0fc0397c4b3c78d', '75205f93009db3cf8c0b0f4f1fc8ab82d70da8ad']	[['75205f93009db3cf8c0b0f4f1fc8ab82d70da8ad'], ['ff81eb74c1a15fab765a2127950d115bdbdd07dd']]	2
17		CVE-2018-19048	CWE-79	4.3	simditor	mycolorway/simditor	['ef01a643cbb7f8163535d6bfb71135f80ec6a6fd']	[['65d78cbfcb576f8963ba26a991c33d746be5add7']]	1
18		CVE-2017-18635	CWE-79	4.3	noVNC	novnc/noVNC	['6048299a138e078aed210f163111698c8c526a13#diff-286f7dc7b881e942e97cd50c10898f03L534']	[['41f476a86357f1404fcca078212c702599bbcc57']]	1
19		CVE-2018-1999024	CWE-79	4.3	MathJax	mathjax/MathJax	['a55da396c18cafb767a26aa9ad96f6f4199852f1']	[['1e28a7607e10d768d99c0871b94130bfbfbf1683']]	1
20		CVE-2018-1000847	CWE-79	3.5	freshdns	funzoneq/freshdns	['48b5ca812a89689fd2f32248875cedcba8c9014f']	[['bdeff81bd4baff9463d46b90fb1889e7ac7ec4ed']]	1
21		CVE-2018-1000534	CWE-79	4.3	joplin	laurent22/joplin	['494e235e18659574f836f84fcf9f4d4fcdcfcf89']	[['85219a6004239b061ed5b75e97128a2d486b9e05']]	1
22		CVE-2018-19352	CWE-79	4.3	notebook	jupyter/notebook	['288b73e1edbf527740e273fcc69b889460871648']	[['588b1f8eb3e3ee6f5a653d8f22faf8d7d22ae775', '1ed04ffa8aeb407560ef5ed77fff0675d0a46b9e']]	1
23		CVE-2018-16316	CWE-79	3.5	portainer	portainer/portainer	['1ad150c99460a35224d6adfe48ddda9ee056b7d2']	[['594daf0de8ea9dd795eacf6fbf661712ba8b79d3']]	1
24		CVE-2018-13423	CWE-79	4.3	Omeka	omeka/Omeka	['ba841892116544847d76d3838781c9708cb92221']	[['659a66001e4c286ddd5c8e2d96adafb7b94c2d22']]	1
25		CVE-2018-11647	CWE-79	4.3	oauth2orize-fprm	jaredhanson/oauth2orize-fprm	['2bf9faee787eb004abbdfb6f4cc2fb06653defd5']	[['a55bfd93f576893a158714152f09328afbdea7dc', 'd48b4dd0e5a25ee2094725d98c35e468f027afd8']]	1
26		CVE-2018-11245	CWE-79	4.3	MISP	MISP/MISP	['5efc07b12f82301a6086fd3433fedd69fe7119d3']	[['2b2a0c25a490e81a9e9be08f09da847e96f50ad9']]	1
27		CVE-2018-10994	CWE-79	4.3	Signal-Desktop	signalapp/Signal-Desktop	['bfbd84f5d1308cdfcb08a1727821f7103be151ea']	[['f6eb745632ce87eabce93d3c12f66f0bc6146d2d']]	1
28		CVE-2018-10937	CWE-79	3.5	console	openshift/console	['d56666852da6e7309a2e63a49f49a72ff66d309c']	[['ccd366638452bfae4b8edfbbf63862593bd3be78', '09e85eb699b5cd668d8891e544fc78a458e01a56']]	1
29		CVE-2018-10821	CWE-79	3.5	BlackCatCMS	BlackCatDevelopment/BlackCatCMS	['a817755828cd0bfd4b87b0eb5cec59ffe57d3c3e']	[['0cf6196c09f8cbb533fd9d8aff098031a0c4afef']]	1
30		CVE-2018-6834	CWE-79	4.3	etherpad-lite	ether/etherpad-lite	['a03422b09468cdd5f192b05643311c705447588b']	[['626e58cc5af1db3691b41fca7b06c28ea43141b1', '38b1e0a35e42e4d2e1ff99afc598725c5f7f2a6a']]	1
31		CVE-2018-5776	CWE-79	4.3	WordPress	WordPress/WordPress	['3fe9cb61ee71fcfadb5e002399296fcc1198d850']	[['ceaaed6604ac38d4e03a5d3da9a9f349f5be5c5f']]	1
32		CVE-2018-3726	CWE-79	4.3	crud-file-server	omphalos/crud-file-server	['4155bfe068bf211b49a0b3ffd06e78cbaf1b40fa']	[['0c45fc64f0c0aeb23fe515c95e29f6485803de65']]	1
33		CVE-2018-3717	CWE-79	3.5	connect	senchalabs/connect	['6d5dd30075d2bc4ee97afdbbe3d9d98d8d52d74b']	[['a1f0b01a551d729a4a8acaca6a0c0bfaa7402efe']]	1
34		CVE-2017-1000492	CWE-79	4.3	desktop-app	leanote/desktop-app	['a2ed226637f8e66c9b089784b5e58eccf2e2fb30']	[['7e2b1d0bca3fd4eb9733d1492e9f63a95177216a']]	1
35		CVE-2017-1000491	CWE-79	4.3	Shiba	rhysd/Shiba	['e8a65b0f81eb04903eedd29500d7e1bedf249eab']	[['444835170443d72039a79133accb07e335a8af3b']]	1
36		CVE-2017-18352	CWE-79	4.3	rendertron	GoogleChrome/rendertron	['8d70628c96ae72eff6eebb451d26fc9ed6b58b0e']	[['93e2c48088ea24853a61f1e0d205d0f356fa16ca']]	1
37		CVE-2017-16016	CWE-79	4.3	sanitize-html	punkave/sanitize-html	['5d205a1005ba0df80e21d8c64a15bb3accdb2403']	[['9aad900209a62b5c2607b70779ff90d0c67f0648']]	1
38		CVE-2017-16015	CWE-79	4.3	forms	caolan/forms	['bc01e534a0ff863dedb2026a50bd03153bbc6a5d']	[['de2e69a1571bf1fbe9029fd339e4903de55042b1']]	1
39		CVE-2017-2661	CWE-79	4.3	pcs	ClusterLabs/pcs	['1874a769b5720ae5430f10c6cedd234430bc703f']	[['dff989fd46a600c8a918dc9e3cb21a3f8b038502']]	1
40		CVE-2017-2610	CWE-79	3.5	jenkins	jenkinsci/jenkins	['307ed31caba68a46426b8c73a787a05add2c7489']	[['97a61a9fe55f4c16168c123f98301a5173b9fa86', '7ae469770fd10c79bebc07511cd0ab1cafd33292']]	1
41		CVE-2016-10531	CWE-79	4.3	marked	chjj/marked	['2cff85979be8e7a026a9aca35542c470cf5da523']	[['49b7eaca76d14ccd91f87decc11bbe213a6e0af4']]	1
42		CVE-2015-9251	CWE-79	4.3	jquery	jquery/jquery	['f60729f3903d17917dc351f3ac87794de379b0cc']	[['5da5035039c48fd00e3effa5135e257ccda79454']]	1
43		CVE-2012-6708	CWE-79	4.3	jquery	jquery/jquery	['05531fc4080ae24070930d15ae0cea7ae056457d']	[['452e32769d514d835988c544492e4083df2bc1d6']]	1
44		CVE-2015-5076	CWE-79	4.3	X2CRM	X2Engine/X2CRM	['10b72bfe7a1b9694f19a0adef72d85a754d4d3f8']	[['98fedc436c06bd73dbb48ee99bbaf4973af09c29']]	1
45		CVE-2015-2745	CWE-79	4.3	gaia	mozilla-b2g/gaia	['0f72a8c31df9f3d8f609a7c58ca91139051d44eb']	[['c70bc233c7f497d219ac8518f76e371de6680a9e', 'cd0cb6aa5322e6d98633cb034513136e5e470246']]	1
46		CVE-2014-8326	CWE-79	3.5	phpmyadmin	phpmyadmin/phpmyadmin	['bd68c54d1beeef79d237e8bfda44690834012a76', '7b8962dede7631298c81e2c1cd267b81f1e08a8c']	[['319aac3c761142ab00e3e6016e594d4b84079efc'], ['bd68c54d1beeef79d237e8bfda44690834012a76']]	2
47		CVE-2014-6300	CWE-79	4.3	phpmyadmin	phpmyadmin/phpmyadmin	['33b39f9f1dd9a4d27856530e5ac004e23b30e8ac']	[['01c553a795e92257b1dadda0e9e90efcd69f166d']]	1
48		CVE-2014-5274	CWE-79	3.5	phpmyadmin	phpmyadmin/phpmyadmin	['0cd293f5e13aa245e4a57b8d373597cc0e421b6f']	[['773c507cda348a5a5518fb5c5daa8ed0de176359']]	1
49		CVE-2014-5273	CWE-79	3.5	phpmyadmin	phpmyadmin/phpmyadmin	['90ddeecf60fc029608b972e490b735f3a65ed0cb', '647c9d12e33a6b64e1c3ff7487f72696bdf2dccb', '3ffc967fb60cf2910cc2f571017e977558c67821', '2c45d7caa614afd71dbe3d0f7270f51ce5569614', 'cd9f302bf7f91a160fe7080f9a612019ef847f1c']	[['cd9f302bf7f91a160fe7080f9a612019ef847f1c'], ['0cd293f5e13aa245e4a57b8d373597cc0e421b6f'], ['90ddeecf60fc029608b972e490b735f3a65ed0cb'], ['647c9d12e33a6b64e1c3ff7487f72696bdf2dccb'], ['2c45d7caa614afd71dbe3d0f7270f51ce5569614']]	5
50		CVE-2014-4986	CWE-79	3.5	phpmyadmin	phpmyadmin/phpmyadmin	['29a1f56495a7d1d98da31a614f23c0819a606a4d']	[['61a9484ce5ba5b01ff6b652a3fbe2ab61c18ed3e']]	1
51		CVE-2014-2236	CWE-79	4.3	askbot-devel	ASKBOT/askbot-devel	['a676a86b6b7a5737d4da4f59f71e037406f88d29', '876e3662ff6b78cc6241338c15e3a0cb49edf4e2#diff-b693b4c02739be4b3231bece15b0eb87']	[['8ac806f3fd19e2cc08643560432b8bc2f99f6497'], ['0459ee4316cd6a593284f6786cb84140d1b19e54']]	2
52		CVE-2014-2235	CWE-79	4.3	askbot-devel	ASKBOT/askbot-devel	['876e3662ff6b78cc6241338c15e3a0cb49edf4e2']	[['0459ee4316cd6a593284f6786cb84140d1b19e54']]	1
53		CVE-2014-1944	CWE-79	4.3	Ilch-2.0	IlchCMS/Ilch-2.0	['381e15f39d07d3cdf6aaaa25c0f2321f817935f7']	[['afaca48c6de77f3c6b65eddf2935b1abd8956dab']]	1
54		CVE-2014-1403	CWE-79	4.3	easyXDM	oyvindkinsey/easyXDM	['a3194d32c25a0d27a10a47304eb9c9be93ffbf13#diff-6489956f1e1f52236929b4d33cbeb2db']	[['7d79817ea513c6079fbaf8e29a977be58023a6b3']]	1
55		CVE-2013-0234	CWE-79	4.3	Elgg	Elgg/Elgg	['19dc507c2fccb378be2a44a762edf6c1e7afa334#L0R11', 'a74a88501c41e89c8bcd7fc650ae2f8cc0a5003d#L2L21']	[['41fbc061dc1b78ec7e71c72288abaa9fec70f297', '8d3a7ab1755829c6e070a038d6b33e326de8fc8f'], ['f76371b839d55ccf4fb14236314fbe38da1a6eb9']]	2
56		CVE-2012-6662	CWE-79	4.3	jquery-ui	jquery/jquery-ui	['5fee6fd5000072ff32f2d65b6451f39af9e0e39e', 'f2854408cce7e4b7fc6bf8676761904af9c96bde']	[['c4b7c754eedf10923f588cf6310f610fcd0c37a9'], ['5fee6fd5000072ff32f2d65b6451f39af9e0e39e']]	2
57		CVE-2012-6620	CWE-79	4.3	horde	horde/horde	['1228a6825a8dab3333d0a8c8986fc10d1f3d11b2']	[['ddb5b4a59bc708b0d366c91bd7a9245930248347']]	1
58		CVE-2012-5565	CWE-79	4.3	horde	horde/horde	['1550c6ecd7204f9579fcbb09ec7089e01b0771e2']	[['9037dfac8c4e74c9966c302a3b8a01ecb827c3e6']]	1
59		CVE-2011-3592	CWE-79	3.5	phpmyadmin	phpmyadmin/phpmyadmin	['2f28ce9c800274190418da0945ce3647d36e1db6']	[['4039683ab3ca63c979948e02345b6d38452f8dee']]	1
60		CVE-2011-3591	CWE-79	3.5	phpmyadmin	phpmyadmin/phpmyadmin	['bda213c58aec44925be661acb0e76c19483ea170']	[['2f28ce9c800274190418da0945ce3647d36e1db6']]	1
61		CVE-2010-5312	CWE-79	4.3	jquery-ui	jquery/jquery-ui	['7e9060c109b928769a664dbcc2c17bd21231b6f3']	[['60486ac632a0a1bbbb0c7449fe17bccfae11af80']]	1
62		CVE-2016-7419	CWE-79	3.5	gallery	nextcloud/gallery	['6933d27afe518967bd1b60e6a7eacd88288929fc']	[['9d3cd61d6ffa21c95466cf041ab1f6b8f2968b26']]	1
63		CVE-2016-6320	CWE-79	3.5	foreman	theforeman/foreman	['850c38451c7bbde75521b796d16aca26e4d240a0']	[['0069c98dcb50a8960f92397921cfb8a98dc8401e']]	1
64		CVE-2016-6186	CWE-79	4.3	django	django/django	['d03bf6fe4e9bf5b07de62c1a271c4b41a7d3d158', 'f68e5a99164867ab0e071a936470958ed867479d']	[['ab2f5f764a2f6db97e23cccd5c4f5abbb43d1caf'], ['358ae4a687729a0f8dc23e71616f90649e111231']]	2
65		CVE-2016-5733	CWE-79	4.3	phpmyadmin	phpmyadmin/phpmyadmin	['d648ade18d6cbb796a93261491c121f078df2d88', 'be3ecbb4cca3fbe20e3b3aa4e049902d18b60865', '960fd1fd52023047a23d069178bfff7463c2cefc', '79661610f6f65443e0ec1e382a7240437f28436c', '615212a14d7d87712202f37354acf8581987fc5a', '895a131d2eb7e447757a35d5731c7d647823ea8b', '4d21b5c077db50c2a54b7f569d20f463cc2651f5', '8716855b309dbe65d7b9a5d681b80579b225b322']	[['8716855b309dbe65d7b9a5d681b80579b225b322'], ['d648ade18d6cbb796a93261491c121f078df2d88'], ['36df83a97a7f140fdb008b727a94f882847c6a6f'], ['1e5716cb96d46efc305381ae0da08e73fe340f05'], ['519e634a8d13dd8739646c4cf566bde4c7092143'], ['79661610f6f65443e0ec1e382a7240437f28436c'], ['57ae483bad33059a885366d5445b7e1f6f29860a'], ['0815af37f483f329f0c0565d68821fea9c47b5f5']]	8
66		CVE-2016-5705	CWE-79	4.3	phpmyadmin	phpmyadmin/phpmyadmin	['03f73d48369703e0d3584699b08e24891c3295b8', '0b7416c5f4439ed3f11c023785f2d4c49a1b09fc', '364732e309cccb3fb56c938ed8d8bc0e04a3ca98', '36df83a97a7f140fdb008b727a94f882847c6a6f', '57ae483bad33059a885366d5445b7e1f6f29860a']	[['72213573182896bd6a6e5af5ba1881dd87c4a20b'], ['792cd1262f012b9b13639519d414f2acaeb5e972'], ['895a131d2eb7e447757a35d5731c7d647823ea8b'], ['d95a4a2f96c9b080f3364defcc1cd6ecd8bdc2be'], ['960fd1fd52023047a23d069178bfff7463c2cefc']]	5
67		CVE-2016-4567	CWE-79	4.3	mediaelement	johndyer/mediaelement	['34834eef8ac830b9145df169ec22016a4350f06e']	[['9971d0bb555b3f7ac5ed6cd895fc31b74f605433']]	1
68		CVE-2016-2561	CWE-79	3.5	phpmyadmin	phpmyadmin/phpmyadmin	['cc55f44a4a90147a007dee1aefa1cb529e23798b', 'f33a42f1da9db943a67bda7d29f7dd91957a8e7e', '746240bd13b62b5956fc34389cfbdc09e1e67775', '983faa94f161df3623ecd371d3696a1b3f91c15f', 'bcd4ce8cba1272fca52f2331c08f2e3ac19cbbef', '37c34d089aa19f30d11203bb0c7f85b486424372']	[['ab1283e8366c97a155d4e9ae58628a248458ea32'], ['b3d36dc836df31a7d1b1c4f61f578a9b42bd1f98'], ['38fa1191049ac0c626a6684eea52068dfbbb5078'], ['16a6a02fca663264de9b034f4acad9c92295586f'], ['9bce7dafaf746559c617f674e27b9c0f75ae97a2'], ['f33a42f1da9db943a67bda7d29f7dd91957a8e7e']]	6
69		CVE-2016-2560	CWE-79	4.3	phpmyadmin	phpmyadmin/phpmyadmin	['c842a0de9288033d25404d1d6eb22dd83033675f', '7877a9c0084bf8ae15cbd8d2729b126271f682cc', 'ab1283e8366c97a155d4e9ae58628a248458ea32', '38fa1191049ac0c626a6684eea52068dfbbb5078', '41c4e0214c286f28830cca54423b5db57e7c0ce4']	[['e65f375918a1eef5b1289d890ced645d3925464a'], ['3a6a9a807d99371ee126635e1a505fc1fe0df32c'], ['bcd4ce8cba1272fca52f2331c08f2e3ac19cbbef'], ['983faa94f161df3623ecd371d3696a1b3f91c15f'], ['cc55f44a4a90147a007dee1aefa1cb529e23798b']]	5
70		CVE-2016-2045	CWE-79	3.5	phpmyadmin	phpmyadmin/phpmyadmin	['0a24f92d081033576bfdd9d4bdec1a54501734c1', '11496890d7e21786cbfd9fd17ab968f498116b3f']	[['dbb267308dfcc458570e3c0af7835059aa06126c'], ['0a24f92d081033576bfdd9d4bdec1a54501734c1']]	2
71		CVE-2016-2043	CWE-79	3.5	phpmyadmin	phpmyadmin/phpmyadmin	['019c4f25d500ec5db9ba3b84cc961a7e4e850738']	[['5aee5035646c4fc617564cb0d3d58c0435d64d81']]	1
72		CVE-2015-5720	CWE-79	4.3	MISP	MISP/MISP	['812ac878c3645c02e2a599287117418424cbd4cf']	[['415d85102d5aa5f96f4f11a17c86b59bb9cc0d56']]	1
73		CVE-2017-1000188	CWE-79	4.3	ejs	mde/ejs	['49264e0037e313a0a3e033450b5c184112516d8f']	[['7eaba6ade1b11e0bb275f1eb63ba49071aca24dd']]	1
74		CVE-2017-1000065	CWE-79	4.3	openmediavault	openmediavault/openmediavault	['b2db1e24d0e52b961b5c3b3329b6ee717cac53a2']	[['529f229cf53f1ffedd3c857207b0c198ce5f51ae']]	1
75		CVE-2017-16908	CWE-79	3.5	kronolith	horde/kronolith	['39f740068ad21618f6f70b6e37855c61cadbd716']	[['09d90141292f9ec516a7a2007bf828ce2bbdf60d']]	1
76		CVE-2017-16802	CWE-79	3.5	MISP	MISP/MISP	['a659664447a7b2a383cb9e0f6b43dcb43ec69194']	[['9c068f4e6649a146e877217b33177e135533cc11']]	1
77		CVE-2017-15809	CWE-79	4.3	phpMyFAQ	thorsten/phpMyFAQ	['cb648f0d5690b81647dd5c9efe942ebf6cce7da9']	[['a249b4645fb86f6a9fbe5d2344ab1cbdb906b75c']]	1
78		CVE-2017-15216	CWE-79	4.3	MISP	MISP/MISP	['ca6f4a783a6ba65532dc8767446bda44773ec627']	[['17592a4f273338594291e1017f661fc03a603a7b']]	1
79		CVE-2017-14923	CWE-79	3.5	Tine-2.0-Open-Source-Groupware-and-CRM	tine20/Tine-2.0-Open-Source-Groupware-and-CRM	['24e39e1e930097b8793a03b8864d3c484ede546b', 'bc8a6fbd3128cf5ef27d808f6c6ba869fdc2262b', '146c5aaafd826c1c8990333c393bff6f64c90786']	[['e72e44755b850bf75ba15f853e4fe9dab32e102d'], ['2e44e19ac41e73b0cba0995ba2d1ad0c0c015e03'], ['8320408f98a1dcbddec6064c7c870f3bd755cbab']]	3
80		CVE-2017-14922	CWE-79	3.5	Tine-2.0-Open-Source-Groupware-and-CRM	tine20/Tine-2.0-Open-Source-Groupware-and-CRM	['24e39e1e930097b8793a03b8864d3c484ede546b', 'bc8a6fbd3128cf5ef27d808f6c6ba869fdc2262b', '146c5aaafd826c1c8990333c393bff6f64c90786']	[['e72e44755b850bf75ba15f853e4fe9dab32e102d'], ['2e44e19ac41e73b0cba0995ba2d1ad0c0c015e03'], ['8320408f98a1dcbddec6064c7c870f3bd755cbab']]	3
81		CVE-2017-14921	CWE-79	3.5	Tine-2.0-Open-Source-Groupware-and-CRM	tine20/Tine-2.0-Open-Source-Groupware-and-CRM	['24e39e1e930097b8793a03b8864d3c484ede546b', 'bc8a6fbd3128cf5ef27d808f6c6ba869fdc2262b', '146c5aaafd826c1c8990333c393bff6f64c90786']	[['e72e44755b850bf75ba15f853e4fe9dab32e102d'], ['2e44e19ac41e73b0cba0995ba2d1ad0c0c015e03'], ['8320408f98a1dcbddec6064c7c870f3bd755cbab']]	3
82		CVE-2017-14920	CWE-79	4.3	egroupware	EGroupware/egroupware	['0ececf8c78f1c3f9ba15465f53a682dd7d89529f']	[['7c7b1711e5308c3801aec7d8ed383b96ff7316ae']]	1
83		CVE-2017-11593	CWE-79	4.3	markdown-preview	volca/markdown-preview	['1181f044a5457d5e1ac35804ecd84e05977f1920']	[['69b877d73d19b98ac5af27b9b73f9b87388ac948']]	1
84		CVE-2017-9063	CWE-79	4.3	WordPress	WordPress/WordPress	['3d10fef22d788f29aed745b0f5ff6f6baea69af3']	[['3d95e3ae816f4d7c638f40d3e936a4be19724381']]	1
85		CVE-2017-9061	CWE-79	4.3	WordPress	WordPress/WordPress	['8c7ea71edbbffca5d9766b7bea7c7f3722ffafa6']	[['38347d7c580be4cdd8476e4bbc653d5c79ed9b67']]	1
86		CVE-2017-7215	CWE-79	4.3	MISP	MISP/MISP	['599b3638384bfe49fa527bcb060f3f608a296996', '3630a8b1e1cd99862867fe72ffa1ff51e4d9c09f']	[['3630a8b1e1cd99862867fe72ffa1ff51e4d9c09f'], ['99558c9b792b2e6426c3b112005eaec1a56ee4f8']]	2
87		CVE-2017-6818	CWE-79	4.3	WordPress	WordPress/WordPress	['9092fd01e1f452f37c313d38b18f9fe6907541f9']	[['4d80f8b3e1b00a3edcee0774dc9c2f4c78f9e663']]	1
88		CVE-2016-9466	CWE-79	4.3	gallery	owncloud/gallery	['dc4887f1afcc0cf304f4a0694075c9364298ad8a', 'f9ef505c1d60c9041e251682e0f6b3daad952d58', 'b3b3772fb9bec61ba10d357bef42b676fa474eee']	[['2df541e2b37038fd88cccf451f308f7cdbc91f65'], ['eaba09046a1a69f09f54afefb4899c994d61bb97']]	3
89		CVE-2016-7103	CWE-79	4.3	jquery-ui	jquery/jquery-ui	['9644e7bae9116edaf8d37c5b38cb32b892f10ff6']	[['3e9e9d58ec47a4cbb917193bb64f6fc6e6fc2cb9']]	1
90		CVE-2016-6191	CWE-79	4.3	sogo	inverse-inc/sogo	['64ce3c9c22fd9a28caabf11e76216cd53d0245aa']	[['97e6385f4c1a52eeebdd8369c0b6db5954c1c339']]	1
91		CVE-2015-8310	CWE-79	3.5	cherrymusic	devsnd/cherrymusic	['62dec34a1ea0741400dd6b6c660d303dcd651e86']	[['82ad79374f2895e79573255bc81ee143fce4d6a0']]	1
92		CVE-2015-5282	CWE-79	4.3	foreman	theforeman/foreman	['4f3555b217be8723e8045f9816d147b5f684ec57']	[['04fa19de12d453e3d30971c3e094ed53e11605f4']]	1
93		CVE-2015-3296	CWE-79	4.3	nodebb-plugin-markdown	julianlam/nodebb-plugin-markdown	['ab7f2684750882f7baefbfa31db8d5aac71e6ec3']	[['abbd941ac5af81304d7db5730a81572a3976ed5c']]	1
94		CVE-2014-9905	CWE-79	4.3	sogo	inverse-inc/sogo	['c94595ea7f0f843c2d7abf25df039b2bbe707625', '80a09407652ec04e8c9fb6cb48e1029e69a15765', '3a5e44e7eb8b390b67a8f8a83030b49606956501', '1a7fc2a0e90a19dfb1fce292ae5ff53aa513ade9']	[['3a5e44e7eb8b390b67a8f8a83030b49606956501'], ['7118bbe0ab7790db0321122fe2b6462a204bd4b9'], ['80a09407652ec04e8c9fb6cb48e1029e69a15765'], ['f7a20d0a83f5be75d157e1a969fb0b7bc63ae2b7']]	4
95		CVE-2013-2209	CWE-79	4.3	reviewboard	reviewboard/reviewboard	['4aaacbb1e628a80803ba1a55703db38fccdf7dbf']	[['efeb6404b0409b836abc65c78c143413d034d273']]	1
96		CVE-2013-2023	CWE-79	4.3	jPlayer	happyworm/jPlayer	['8ccc429598d62eebe9f65a0a4e6fd406a123c8b4', 'c2417972af1295be8dcc07470b0e3d25b0a77e0b']	[['c1c7a4dfa63bb6684d3670202e4a65d400dfce86'], ['8ccc429598d62eebe9f65a0a4e6fd406a123c8b4']]	2
97		CVE-2013-2022	CWE-79	4.3	jPlayer	happyworm/jPlayer	['c5fe17bb4459164bd59153b57248cf94b8867373']	[['55a51966eb97d2c9b18209120345123f2b0eebeb']]	1
98		CVE-2013-1942	CWE-79	4.3	jPlayer	happyworm/jPlayer	['e8ca190f7f972a6a421cb95f09e138720e40ed6d']	[['858966b77b96f8295208989b91dd630ea785b79b']]	1
99		CVE-2013-0256	CWE-79	4.3	rdoc	rdoc/rdoc	['ffa87887ee0517793df7541629a470e331f9fe60']	[['67db3ed22843a3a4b31580957e78ceb744552d92']]	1
100		CVE-2012-5666	CWE-79	4.3	apps	owncloud/apps	['b24c929cc0', 'eafa9b2']	[['1b9eb858173e96c61adefb93f015661e5da43242']]	2
101		CVE-2011-4969	CWE-79	4.3	jquery	jquery/jquery	['db9e023e62c1ff5d8f21ed9868ab6878da2005e9']	[['84f29084d6ac8077ce5dcb4dd94d43aaeed18fb0', '749dbad981f040bd65cbb50c10e9aa6e44bd26ff']]	1
102		CVE-2012-5606	CWE-79	4.3	core	owncloud/core	['ce66759', 'e45f36c', 'e5f2d46']	[['cdd30216b11c9ce2dbd2f64928b63c24ff6fe26d'], ['d7f43945e793bb9ec09ab7c40cc566e0221cf995'], ['e45f36c2d4161f59f9a87cc9b9c884e4600f42a8']]	3
103		CVE-2012-5368	CWE-79	4.3	phpmyadmin	phpmyadmin/phpmyadmin	['a547f3d3e2cf36c6a904fa3e053fd8bddd3fbbb0', '50edafc0884aa15d0a1aa178089ac6a1ad2eb18a']	[['50edafc0884aa15d0a1aa178089ac6a1ad2eb18a'], ['ceaee4471b750524125f25cac72fc8e650841784']]	2
104		CVE-2012-5339	CWE-79	3.5	phpmyadmin	phpmyadmin/phpmyadmin	['cfd688d2512df9827a8ecc0412fc264fc5bcb186', '6ea8fad3f999bfdf79eb6fe31309592bca54d611']	[['1868a29868e3acdb35e1acb542dcef7457db8af4'], ['cfd688d2512df9827a8ecc0412fc264fc5bcb186']]	2
105		CVE-2012-5163	CWE-79	4.3	OSClass	osclass/OSClass	['ff7ef8a97301aaaf6a97fe46c2c27981a86b4e2f#diff-1']	[['5933d487a52758b256e7e8c4decdf95a0239ae29', '33a4b1acc1adda2a394239c602b306c51fde85a5']]	1
106		CVE-2012-4668	CWE-79	4.3	roundcubemail	roundcube/roundcubemail	['c086978f6a91eacb339fd2976202fca9dad2ef32']	[['5ef8e4ad9d3ee8689d2b83750aa65395b7cd59ee']]	1
107		CVE-2012-4396	CWE-79	4.3	core	owncloud/core	['44260a552cd4ee50ee11eee45164c725f56f7027', '642e7ce110cb8c320072532c29abe003385d50f5', '8f09299e2468dfc4f9ec72b05acf47de3ef9d1d7', '8f616ecf76aac4a8b554fbf5a90b1645d0f25438', 'cc653a8a408adfb4d0cd532145668aacd85ad96c', 'd294373f476c795aaee7dc2444e7edfdea01a606', 'e817504569dce49fd7a677fa510e500394af0c48', 'f8337c9d723039760eecccf68bcb02752551e254', 'f955f6a6857754826af8903475688ba54f72c1bb']	[['e817504569dce49fd7a677fa510e500394af0c48'], ['f955f6a6857754826af8903475688ba54f72c1bb'], ['c898a8a6c90fd364bf787916c0f6b35d3f6c1c75'], ['0f454215e785fa258cf506a1937ca8135a2b31c8'], ['8f09299e2468dfc4f9ec72b05acf47de3ef9d1d7'], ['f8337c9d723039760eecccf68bcb02752551e254'], ['ae2bcf968d9065d2619981131c6acddb50ef871e'], ['cc653a8a408adfb4d0cd532145668aacd85ad96c'], ['ff4b1756229e3e6c7c89891562b6a1136057da1d']]	9
108		CVE-2012-4394	CWE-79	4.3	core	owncloud/core	['d203fa2c50f4b2791e68e2b8ab9a0f8b94f9c9f8']	[['9af74a9c80c074589f2d5efc365b3a9dee3031ed']]	1
109		CVE-2012-2094	CWE-79	4.3	horizon	openstack/horizon	['7f8c788aa70db98ac904f37fa4197fcabb802942']	[['a58db8503b17ec8efc5e07658a5da0e66e2b0345']]	1
110		CVE-2012-1190	CWE-79	4.3	phpmyadmin	phpmyadmin/phpmyadmin	['86073d532aed656550cb731aa5b4288b126ae7a6']	[['e8a12582f9fc7737a6346e26ec9c5de01ced8d52']]	1
111		CVE-2012-0974	CWE-79	4.3	OSClass	osclass/OSClass	['ff7ef8a97301aaaf6a97fe46c2c27981a86b4e2f#diff-73']	[['5933d487a52758b256e7e8c4decdf95a0239ae29', '33a4b1acc1adda2a394239c602b306c51fde85a5']]	1
112		CVE-2011-4312	CWE-79	4.3	reviewboard	reviewboard/reviewboard	['7a0a9d94555502278534dedcf2d75e9fccce8c3d']	[['9b789e42aa2664b0b20cad2da7788ae69081fad2']]	1
113		CVE-2019-15810	CWE-79	4.3	netdisco	netdisco/netdisco	['deb9b62c7f839f5e41aa4d620bcdac5f9321a8a3']	[['5f378a39ea90168883a9a8e22876d044db3b83bd']]	1
114		CVE-2019-13122	CWE-79	4.3	mxgraph	jgraph/mxgraph	['76e8e2809b622659a9c5ffdc4f19922b7a68cfa3']	[['33911ed7e055c17b74d0367f5f1f6c9ee4b4fd44']]	1
115		CVE-2016-10735	CWE-79	6.5	bootstrap	twbs/bootstrap	['9612830701211d757ff95ceccbb494fd2e7ee17e']	[['bcad4bcb5f5a9ef079b2883a48a698b35261e083']]	1
116			CWE-79	8.9	mrk	heyitsmeuralex/mrk	['fb270015e6043c0d81de2e5cfad7e8ce018675bb']	[['2506e0c4979c3294b8b06ee7d621337a6a7e3adb']]	1
117		CVE-2018-6464	CWE-79	6.1	simditor	mycolorway/simditor	['ef01a643cbb7f8163535d6bfb71135f80ec6a6fd']	[['65d78cbfcb576f8963ba26a991c33d746be5add7']]	1
118		CVE-2019-14862	CWE-79	6.1	knockout	knockout/knockout	['7e280b2b8a04cc19176b5171263a5c68bda98efb']	[['4d63fceb26acc6de6cdae25bbe12bad57ba2c6f6', 'c53cecdc8c8f5e7eb23b0ff56ff693794a65b3b0']]	1
119			CWE-79	6.5	angular.js	angular/angular.js	['b9ef6585e10477fbbf912a971fe0b390bca692a6']	[['e06b4fb62c13ccbabbba0ed53c870301dd606b50']]	1
120			CWE-79	6.5	actionhero	actionhero/actionhero	['f9f5d92f7c50a6dad38f558bd0a207b18e3580c1']	[['57dd64aaf1bc53ece4b6ea63528109c2ab08583f', 'af78a397fb8b35019dc8e11859f696fa852665eb']]	1
121			CWE-79	6.5	angular-gettext	rubenv/angular-gettext	['a1ef4c26c3cae348c601cbbf2f9f4ac96f397755']	[['21eacfdbe495738d9617bac2fd3cfd71d43f173a']]	1
122			CWE-79	6.5	jsblocks	astoilkov/jsblocks	['69ae8d8f52fe4c4bd91806fbc419f9899e14901c']	[['d5acc8a9e75b11936ce23764ddd98158db86f4c6']]	1
123			CWE-79	6.5	boom	hapijs/boom	['c56a9f859e2c17da7973a7cdaacb92d804cb43b0']	[['534862edc089ede63503c7824937280dc789ca49']]	1
124			CWE-79	6.5	bootstrap	twbs/bootstrap	['f836473129819c2e348f821ed268451b9b8bf2e4']	[['fc96bc8bba0687fb5845bffc72eb048535583499']]	1
125			CWE-79	6.5	cheerio	cheeriojs/cheerio	['1e2b3240f11b1a7fa3f0bc9009f18a5d7b59bae1']	[['e9f8e0014475ce5e7c5b8b906413ced0e4c44dad']]	1
126			CWE-79	6.5	ckeditor-dev	ckeditor/ckeditor-dev	['5b1f7c0da97ebcffff987da3f860dbcee7a24ad9']	[['28af397f5f7d08bb4be8e9024e74ab7e7ca784a4']]	1
127			CWE-79	7.1	Clusterize.js	NeXTs/Clusterize.js	['0c3d6486d6dac4c7dd04aa5525d4f705ec3351fc']	[['2a505a3d95eecaac9b791eea90cb3bf15da462b5']]	1
128			CWE-79	6.5	DataTables	DataTables/DataTables	['6f67df2d21f9858ec40a6e9565c3a653cdb691a6']	[['369214c77767269642c6585b893d6944d42bb172']]	1
129			CWE-79	6.5	DOMPurify	cure53/DOMPurify	['4817f34ac0d413c002adb03d14da169f71057771']	[['273d97278821680944c8c10d0972ce6b5afbb525']]	1
130		CVE-2014-1403	CWE-79	5.3	easyXDM	oyvindkinsey/easyXDM	['a3194d32c25a0d27a10a47304eb9c9be93ffbf13']	[['7d79817ea513c6079fbaf8e29a977be58023a6b3']]	1
131			CWE-79	6.5	foundation-sites	zurb/foundation-sites	['bf57af9429fbe5e4b18e32e951504136df996e10']	[['880b4cfed1971b928658095c08060768100f62d7', '26a3c4425334e717f9def61cb68c655014922a76']]	1
132			CWE-79	6.5	fullPage.js	alvarotrigo/fullPage.js	['186c16ec140976e878f2e4ef4256920dc928d23e']	[['a6c14f06746ddf23271f32a89daca3382064b317']]	1
133			CWE-79	6.5	Ghost	TryGhost/Ghost	['03e4acdb374ce5067ce630b40f95743ca3e1ef21']	[['ea2c3a0a3f26c5496b685e8a6fa644a91784d971']]	1
134			CWE-79	6.5	hapi	hapijs/hapi	['41eadf911fb4d9ca765891474e7d0edefd883402']	[['c6359bc1464a6e041fc67f2234b22481f399eacf', 'd83f986118e51b9171e2640e6b0f04b2c82acbff']]	1
135		CVE-2017-16008	CWE-79	6.5	i18next	i18next/i18next	['34e8e13a2b64708a0aed01092e4dbfd0e5013831']	[['710e89a7a1ddb7e7d793e2f7432bf2ccba0bfaa9']]	1
136			CWE-79	5.4	jquery-migrate	jquery/jquery-migrate	['91d55f51fd28908d98d5c5fba6b63c3475213556']	[['90345bb9d10dbe88b4f14beac0d007349a649aed']]	1
137			CWE-79	6.5	jquery-mobile	jquery/jquery-mobile	['370413072db4fd8ee0da4455d9a08abc9ef5ba24']	[['2daa1793fb9f989e0e86cf8dc0283f08117357eb']]	1
138			CWE-79	6.5	js-xss	leizongmin/js-xss	['fb5891fa7c97a288ed533352ca75031bccd297b6']	[['594b59baf111210a2691abac0dc0cbad2715fffd']]	1
139			CWE-79	6.5	jsPDF	MrRio/jsPDF	['626567755ca1ed35295fd75c2a70654449332468']	[['eff3bdc5f8e47c9132fe2732d227a6fc876c5f8b']]	1
140			CWE-79	6.5	jstree	vakata/jstree	['94f8f564bd01290d04ac1ec8e2e4b51b14fb15dc']	[['5a68714028159c1b119e4c334f2f9de75d07397a']]	1
141		CVE-2017-15881	CWE-79	6.5	keystone	keystonejs/keystone	['f08baa4fb4084b7ec9f356d313dcfd6d7d7d0f8b']	[['f262c6762f2b98badf1669f1678d752e4a802dfc', 'e22690475b87bda4bca75f1bfe3ac3694380da66']]	1
142			CWE-79	6.5	kibana	elastic/kibana	['271aa697075bc2c8f931a1310b20a4ced119bcd5']	[['1248b2fc576c89401759b3e4e415ec7a54a3244b', 'e33fa407aeee2c04d65d5b308e355ebda14a22e5']]	1
143			CWE-79	5.4	knockout	knockout/knockout	['0f6e3c9dcc7df4a1b8e8b7c4ec3d5b8c5eb4e4c2']	[['fb579af58c0131e4fdab8dee10780cbc5e706523']]	1
144			CWE-79	5.4	lets-chat	sdelements/lets-chat	['34532f521927decd9cf896e62c15cb95fca555b1']	[['5aefd296f7d10a5ec8454a669c95458f74bbc0b5']]	1
145			CWE-79	6.5	mediaelement	johndyer/mediaelement	['fd88ce0e2fab8e02f8ab8e00a0b2bfc5769966cf']	[['37e69481941d900020518aabf05932f34a8c514e']]	1
146			CWE-79	6.5	NodeBB	NodeBB/NodeBB	['1910fdb977068d3f70f9b138175990bcc7910840']	[['cf825d02b79854ddb81bd53074e30521742e80fd']]	1
147			CWE-79	6.5	octotree	buunguyen/octotree	['3bf37eac209c1fc0d3d6a70417e316d86612b426']	[['04f879c15f3e9552931fdfcfd6c3a80a933d2934']]	1
148			CWE-79	5.4	plotly.js	plotly/plotly.js	['d5885957f72e21a25782dc28e2028ffe8debf5ef']	[['92a9850efe40a9ad1af14672b45935d9c6a69274']]	1
149			CWE-79	6.5	polyfill-service	financial-times/polyfill-service	['aadd8d08b50f7f9c02b431d06f6ee2158902c53c']	[['fad0bcdc0f717ac1aa8ca0ebdf8bbcc6f105d4aa']]	1
150			CWE-79	6.5	pure	pure/pure	['1c41ee35503b08a25eefb30cb3cc7ed2d5af4f3d']	[['d00b1240bfa4a40a0e9235448cd4a4342385f32b']]	1
151			CWE-79	6.5	ql.io	ql-io/ql.io	['9cd65439921832e059ac8605c5b53e40e57bfdd4']	[['ad96df7731168cd6ff3f8d81bcff452b1af2e883', 'f9225faf22126a877a5f7aa21422589e832f7334']]	1
152		CVE-2013-7035	CWE-79	6.5	react	facebook/react	['94a9a3e752fe089ab23f3a90c26d20d46d62ab10', '393a889aaceb761f058b09a701f889fa8f8b4e64']	[['48af9c7bdad9c18f9349bcf3949b656da19ab56e'], ['3e455a43975a34daac7dca978cbcc43c5a9d4ab1']]	2
153			CWE-79	6.5	rendr	rendrjs/rendr	['d712bd5c3a5a9f5150153dec8555b06ee30680f7']	[['554984e5cc91e56b82fe8ed005fe076ea32d32eb']]	1
154			CWE-79	6.5	rendr-handlebars	rendrjs/rendr-handlebars	['f1ee88e36318175b401b743ed00379e8bc63ea8c']	[['d7b4f62dc099fbfb01dc33364f05b608c429ada6', '7631e80ba44854f431bf4c7e08d9716cf4901c58']]	1
155		CVE-2017-16018	CWE-79	6.5	node-restify	restify/node-restify	['a015067232ad62aa035675dc63a46dce31fed3f3']	[['c1003559f06042d6c4adf195a134b0c8176e754d']]	1
156			CWE-79	6.5	reveal.js	hakimel/reveal.js	['f1f28f61e608b70f437860e82555e3e4a9abd4b9']	[['c7077cf798326d820a520f2692c5ae29e2f7b4dd']]	1
157			CWE-79	6.5	riot	riot/riot	['759fc7fac07cc700302ac47c2c9dd80daa55d567']	[['5a7b14e0426056da3e9be96cd9c63a1432da4546', '92d833b1a29b40990b8d51541a6e0dd498e4c51c']]	1
158			CWE-79	6.5	select2	select2/select2	['353672832dc8d0e4abed7ec14db6d82c83e17045', 'fcea1523fddbf678dc482c00b7df5997527f8d33']	[['5f2828098e6e98f33efe6db39555c4708e5a7240', 'a65c08097ec843d9ecfea7d4a2a73b98e32d3325'], ['353672832dc8d0e4abed7ec14db6d82c83e17045', 'c0dd741a79af6334275dac0385d99c5c54fb52dd']]	2
159			CWE-79	6.5	showdown-xss-filter	VisionistInc/showdown-xss-filter	['154d5cc15f22ba2687392488849f0f95860c66d3']	[['3a4cadadadd44ce13ab51e33492a116733343f07']]	1
160			CWE-79	5.4	socket.io	socketio/socket.io	['e98fc7bc865640e777c26dbb1040f33ff103aa78']	[['a4e53a642bbb539b44e823abb82d4086f05afc2d']]	1
161			CWE-79	6.5	Squire	neilj/Squire	['bd4d377cf0c836f81ecf30b76bbdf7fc454bb0be']	[['9dcc4fb79f7d4a0051bcc09a50d3a57b240444c9']]	1
162			CWE-79	6.1	swagger-ui	swagger-api/swagger-ui	['f87eaaa81073a61e30ff0cedee4fd9cd2dd1fca9']	[['48e7bc1331ebbf1497d66f1f973b0cf349b12f42']]	1
163			CWE-79	4.3	textAngular	fraywing/textAngular	['f5f27c26bc99dc6f8bb226d7beb99ce8bcada01a']	[['b58c7e7428b98377d51ad0c74ef9352b9e0e05b0']]	1
164			CWE-79	7.1	tinymce	tinymce/tinymce	['9c78e4a4f9aad14f3e86094b36f163177f38c248']	[['92c04da4d7f956c624517c03393275bba47350b9']]	1
165			CWE-79	7.1	tinymce	tinymce/tinymce	['c68a5930512d7b37b5dc495bde5f7cbb739e11e7']	[['72cac97fe2da46125572d6505d576a4b5536386c']]	1
166			CWE-79	4.3	validator.js	chriso/validator.js	['570889bf1b3c963439871a0c15aa5801ef6322d7']	[['9302e5c400e1ab5f05e74ae386c3914d7270a367']]	1
167			CWE-79	6.5	vue	vuejs/vue	['5091e2c9847601e329ac36d17eae90bb5cb77a91']	[['0dc27dcdec72c1c2e12fb49fb95dceca45e84115']]	1
168			CWE-79	5.4	wysihtml	Voog/wysihtml	['34ebe36a3d6b070883f9315fa3097f7598ed11e9']	[['920fdb400b34bb33d97df649180ceada7d94b0bc']]	1
169			CWE-79	5.4	yms	yandex/yms	['b902abb840e5f6aea27e7770cf3af6a214439347']	[['a02500531822d608ed4f8c5f985dadf9588a4f3c']]	1
170		CVE-2013-4942	CWE-79	5.4	yui3	yui/yui3	['6a2da7d0df7f4b0d347cfbfb46e131d403658fc4']	[['fb058cd547a6cf92b6ab61ce47c1d27e6b4edd80']]	1
171		CVE-2013-4941	CWE-79	5.4	yui3	yui/yui3	['6a2da7d0df7f4b0d347cfbfb46e131d403658fc4']	[['fb058cd547a6cf92b6ab61ce47c1d27e6b4edd80']]	1
172			CWE-79	6.5	brisket	bloomberg/brisket	['7f8f971f16d8ea6f8469b689070a797c6eddfed0']	[['4564824f2797fc4f738978cf609af61f1e3b90b6']]	1
173			CWE-79	5.4	markdown-it	markdown-it/markdown-it	['019bbda5f5ee8b7d00f2633340aef3b0d000e3f1']	[['abce4475778c9d079f36882ec5105efa929ff932']]	1
174			CWE-79	5.4	markdown-it	markdown-it/markdown-it	['f76d3beb46abd121892a2e2e5c78376354c214e3']	[['f7976b25f79df1599c98787e16873d52bd0b7d05']]	1
175		CVE-2017-1000427	CWE-79	7.5	marked	chjj/marked	['cd2f6f5b7091154c5526e79b5f3bfb4d15995a51']	[['38f1727ffee0820975677027b8968bc1954e6637']]	1
176		CVE-2017-16006	CWE-79	5.4	remarkable	jonschlinkert/remarkable	['49e24e8f2a431c095ddbb74ecb67cf1cf8f88c47']	[['dc1c2de05a69267c13a02f5144f2c6e34b74cd19']]	1
177		CVE-2013-7370	CWE-79	6.5	connect	senchalabs/connect	['126187c4e12162e231b87350740045e5bb06e93a', '277e5aad6a95d00f55571a9a0e11f2fa190d8135']	[['b0df35bcf2e1b4e487a17889a8440ecf254ac3b4'], ['7978abc8011df5c3ca602894f6196c4e80005358']]	2
178			CWE-79	6.5	DOMPurify	cure53/DOMPurify	['78037ea4db57daba7e171242378d3d97c517dd08']	[['ee0ffc6b1dc0cccc19b3afea5f25e7f53caba96b']]	1
